<?xml version="1.0" encoding="UTF-8"?>
<GenRun Id="my_bram8x8_synth_1" LaunchPart="xc7a100tcsg324-1" LaunchTime="1704696956">
  <File Type="PA-TCL" Name="my_bram8x8.tcl"/>
  <File Type="RDS-PROPCONSTRS" Name="my_bram8x8_drc_synth.rpt"/>
  <File Type="REPORTS-TCL" Name="my_bram8x8_reports.tcl"/>
  <File Type="RDS-RDS" Name="my_bram8x8.vds"/>
  <File Type="RDS-UTIL" Name="my_bram8x8_utilization_synth.rpt"/>
  <File Type="RDS-UTIL-PB" Name="my_bram8x8_utilization_synth.pb"/>
  <File Type="RDS-DCP" Name="my_bram8x8.dcp"/>
  <File Type="VDS-TIMINGSUMMARY" Name="my_bram8x8_timing_summary_synth.rpt"/>
  <File Type="VDS-TIMING-PB" Name="my_bram8x8_timing_summary_synth.pb"/>
  <FileSet Name="sources" Type="BlockSrcs" RelSrcDir="$PSRCDIR/my_bram8x8">
    <File Path="$PSRCDIR/sources_1/ip/my_bram8x8/my_bram8x8.xci">
      <FileInfo>
        <Attr Name="UsedIn" Val="synthesis"/>
        <Attr Name="UsedIn" Val="implementation"/>
        <Attr Name="UsedIn" Val="simulation"/>
      </FileInfo>
    </File>
    <Config>
      <Option Name="TopModule" Val="my_bram8x8"/>
      <Option Name="UseBlackboxStub" Val="1"/>
    </Config>
  </FileSet>
  <FileSet Name="constrs_in" Type="BlockSrcs" RelSrcDir="$PSRCDIR/my_bram8x8">
    <File Path="$PSRCDIR/sources_1/ip/my_bram8x8/my_bram8x8.xci">
      <FileInfo>
        <Attr Name="UsedIn" Val="synthesis"/>
        <Attr Name="UsedIn" Val="implementation"/>
        <Attr Name="UsedIn" Val="simulation"/>
      </FileInfo>
    </File>
    <Config>
      <Option Name="TopModule" Val="my_bram8x8"/>
      <Option Name="UseBlackboxStub" Val="1"/>
    </Config>
  </FileSet>
  <Strategy Version="1" Minor="2">
    <StratHandle Name="Vivado Synthesis Defaults" Flow="Vivado Synthesis 2018">
      <Desc>Vivado Synthesis Defaults</Desc>
    </StratHandle>
    <Step Id="synth_design"/>
  </Strategy>
</GenRun>
