<?xml version="1.0" encoding="UTF-8"?>
<GenRun Id="impl_1" LaunchPart="xc7a100tcsg324-1" LaunchTime="1705306494">
  <File Type="PA-TCL" Name="main.tcl"/>
  <File Type="BITSTR-BMM" Name="main_bd.bmm"/>
  <File Type="REPORTS-TCL" Name="main_reports.tcl"/>
  <File Type="OPT-DCP" Name="main_opt.dcp"/>
  <File Type="OPT-HWDEF" Name="main.hwdef"/>
  <File Type="PWROPT-DCP" Name="main_pwropt.dcp"/>
  <File Type="PLACE-DCP" Name="main_placed.dcp"/>
  <File Type="PLACE-PRE-SIMILARITY" Name="main_incremental_reuse_pre_placed.rpt"/>
  <File Type="BG-BGN" Name="main.bgn"/>
  <File Type="POSTPLACE-PWROPT-DCP" Name="main_postplace_pwropt.dcp"/>
  <File Type="BG-BIN" Name="main.bin"/>
  <File Type="PHYSOPT-DCP" Name="main_physopt.dcp"/>
  <File Type="BITSTR-MSK" Name="main.msk"/>
  <File Type="ROUTE-ERROR-DCP" Name="main_routed_error.dcp"/>
  <File Type="ROUTE-DCP" Name="main_routed.dcp"/>
  <File Type="ROUTE-BLACKBOX-DCP" Name="main_routed_bb.dcp"/>
  <File Type="BITSTR-LTX" Name="main.ltx"/>
  <File Type="BITSTR-MMI" Name="main.mmi"/>
  <File Type="BITSTR-SYSDEF" Name="main.sysdef"/>
  <File Type="ROUTE-TIMING-PB" Name="main_timing_summary_routed.pb"/>
  <File Type="POSTROUTE-PHYSOPT-DCP" Name="main_postroute_physopt.dcp"/>
  <File Type="POSTROUTE-PHYSOPT-BLACKBOX-DCP" Name="main_postroute_physopt_bb.dcp"/>
  <File Type="BG-BIT" Name="main.bit"/>
  <File Type="BITSTR-RBT" Name="main.rbt"/>
  <File Type="BITSTR-NKY" Name="main.nky"/>
  <File Type="BG-DRC" Name="main.drc"/>
  <File Type="RDI-RDI" Name="main.vdi"/>
  <File Type="WBT-USG" Name="usage_statistics_webtalk.html"/>
  <FileSet Name="sources" Type="DesignSrcs" RelSrcDir="$PSRCDIR/sources_1">
    <Filter Type="Srcs"/>
    <File Path="$PSRCDIR/sources_1/new/I2C_clk.v">
      <FileInfo>
        <Attr Name="UsedIn" Val="synthesis"/>
        <Attr Name="UsedIn" Val="implementation"/>
        <Attr Name="UsedIn" Val="simulation"/>
      </FileInfo>
    </File>
    <File Path="$PSRCDIR/sources_1/new/I2C_master.v">
      <FileInfo>
        <Attr Name="UsedIn" Val="synthesis"/>
        <Attr Name="UsedIn" Val="implementation"/>
        <Attr Name="UsedIn" Val="simulation"/>
      </FileInfo>
    </File>
    <File Path="$PSRCDIR/sources_1/new/display_generator.v">
      <FileInfo>
        <Attr Name="UsedIn" Val="synthesis"/>
        <Attr Name="UsedIn" Val="implementation"/>
        <Attr Name="UsedIn" Val="simulation"/>
      </FileInfo>
    </File>
    <File Path="$PSRCDIR/sources_1/new/seg7_clk.v">
      <FileInfo>
        <Attr Name="UsedIn" Val="synthesis"/>
        <Attr Name="UsedIn" Val="implementation"/>
        <Attr Name="UsedIn" Val="simulation"/>
      </FileInfo>
    </File>
    <File Path="$PSRCDIR/sources_1/new/seg7_display.v">
      <FileInfo>
        <Attr Name="UsedIn" Val="synthesis"/>
        <Attr Name="UsedIn" Val="implementation"/>
        <Attr Name="UsedIn" Val="simulation"/>
      </FileInfo>
    </File>
    <File Path="$PSRCDIR/sources_1/new/tri_color_led.v">
      <FileInfo>
        <Attr Name="UsedIn" Val="synthesis"/>
        <Attr Name="UsedIn" Val="implementation"/>
        <Attr Name="UsedIn" Val="simulation"/>
      </FileInfo>
    </File>
    <File Path="$PSRCDIR/sources_1/new/main.v">
      <FileInfo>
        <Attr Name="UsedIn" Val="synthesis"/>
        <Attr Name="UsedIn" Val="implementation"/>
        <Attr Name="UsedIn" Val="simulation"/>
      </FileInfo>
    </File>
    <Config>
      <Option Name="DesignMode" Val="RTL"/>
      <Option Name="TopModule" Val="main"/>
    </Config>
  </FileSet>
  <FileSet Name="constrs_in" Type="Constrs" RelSrcDir="$PSRCDIR/constrs_1">
    <Filter Type="Constrs"/>
    <File Path="$PSRCDIR/constrs_1/new/pin-config.xdc">
      <FileInfo>
        <Attr Name="UsedIn" Val="synthesis"/>
        <Attr Name="UsedIn" Val="implementation"/>
      </FileInfo>
    </File>
    <Config>
      <Option Name="ConstrsType" Val="XDC"/>
    </Config>
  </FileSet>
  <Strategy Version="1" Minor="2">
    <StratHandle Name="Vivado Implementation Defaults" Flow="Vivado Implementation 2018"/>
    <Step Id="init_design"/>
    <Step Id="opt_design"/>
    <Step Id="power_opt_design"/>
    <Step Id="place_design"/>
    <Step Id="post_place_power_opt_design"/>
    <Step Id="phys_opt_design"/>
    <Step Id="route_design"/>
    <Step Id="post_route_phys_opt_design"/>
    <Step Id="write_bitstream"/>
  </Strategy>
</GenRun>
