<?xml version="1.0" encoding="UTF-8"?>
<GenRun Id="impl_1" LaunchPart="xc7a100tcsg324-1" LaunchTime="1699683478">
  <File Type="BITSTR-BMM" Name="test_new_bd.bmm"/>
  <File Type="OPT-METHODOLOGY-DRC" Name="test_new_methodology_drc_opted.rpt"/>
  <File Type="INIT-TIMING" Name="test_new_timing_summary_init.rpt"/>
  <File Type="ROUTE-PWR" Name="test_new_power_routed.rpt"/>
  <File Type="PA-TCL" Name="test_new.tcl"/>
  <File Type="OPT-TIMING" Name="test_new_timing_summary_opted.rpt"/>
  <File Type="OPT-DCP" Name="test_new_opt.dcp"/>
  <File Type="ROUTE-PWR-SUM" Name="test_new_power_summary_routed.pb"/>
  <File Type="REPORTS-TCL" Name="test_new_reports.tcl"/>
  <File Type="OPT-DRC" Name="test_new_drc_opted.rpt"/>
  <File Type="OPT-HWDEF" Name="test_new.hwdef"/>
  <File Type="PWROPT-DCP" Name="test_new_pwropt.dcp"/>
  <File Type="PWROPT-DRC" Name="test_new_drc_pwropted.rpt"/>
  <File Type="PWROPT-TIMING" Name="test_new_timing_summary_pwropted.rpt"/>
  <File Type="PLACE-DCP" Name="test_new_placed.dcp"/>
  <File Type="PLACE-IO" Name="test_new_io_placed.rpt"/>
  <File Type="PLACE-CLK" Name="test_new_clock_utilization_placed.rpt"/>
  <File Type="PLACE-UTIL" Name="test_new_utilization_placed.rpt"/>
  <File Type="PLACE-UTIL-PB" Name="test_new_utilization_placed.pb"/>
  <File Type="PLACE-CTRL" Name="test_new_control_sets_placed.rpt"/>
  <File Type="PLACE-SIMILARITY" Name="test_new_incremental_reuse_placed.rpt"/>
  <File Type="PLACE-PRE-SIMILARITY" Name="test_new_incremental_reuse_pre_placed.rpt"/>
  <File Type="BG-BGN" Name="test_new.bgn"/>
  <File Type="PLACE-TIMING" Name="test_new_timing_summary_placed.rpt"/>
  <File Type="POSTPLACE-PWROPT-DCP" Name="test_new_postplace_pwropt.dcp"/>
  <File Type="BG-BIN" Name="test_new.bin"/>
  <File Type="POSTPLACE-PWROPT-TIMING" Name="test_new_timing_summary_postplace_pwropted.rpt"/>
  <File Type="PHYSOPT-DCP" Name="test_new_physopt.dcp"/>
  <File Type="PHYSOPT-DRC" Name="test_new_drc_physopted.rpt"/>
  <File Type="BITSTR-MSK" Name="test_new.msk"/>
  <File Type="PHYSOPT-TIMING" Name="test_new_timing_summary_physopted.rpt"/>
  <File Type="ROUTE-ERROR-DCP" Name="test_new_routed_error.dcp"/>
  <File Type="ROUTE-DCP" Name="test_new_routed.dcp"/>
  <File Type="ROUTE-BLACKBOX-DCP" Name="test_new_routed_bb.dcp"/>
  <File Type="ROUTE-DRC" Name="test_new_drc_routed.rpt"/>
  <File Type="ROUTE-DRC-PB" Name="test_new_drc_routed.pb"/>
  <File Type="BITSTR-LTX" Name="debug_nets.ltx"/>
  <File Type="BITSTR-LTX" Name="test_new.ltx"/>
  <File Type="ROUTE-DRC-RPX" Name="test_new_drc_routed.rpx"/>
  <File Type="BITSTR-MMI" Name="test_new.mmi"/>
  <File Type="ROUTE-METHODOLOGY-DRC" Name="test_new_methodology_drc_routed.rpt"/>
  <File Type="ROUTE-METHODOLOGY-DRC-RPX" Name="test_new_methodology_drc_routed.rpx"/>
  <File Type="BITSTR-SYSDEF" Name="test_new.sysdef"/>
  <File Type="ROUTE-METHODOLOGY-DRC-PB" Name="test_new_methodology_drc_routed.pb"/>
  <File Type="ROUTE-PWR-RPX" Name="test_new_power_routed.rpx"/>
  <File Type="ROUTE-STATUS" Name="test_new_route_status.rpt"/>
  <File Type="ROUTE-STATUS-PB" Name="test_new_route_status.pb"/>
  <File Type="ROUTE-TIMINGSUMMARY" Name="test_new_timing_summary_routed.rpt"/>
  <File Type="ROUTE-TIMING-PB" Name="test_new_timing_summary_routed.pb"/>
  <File Type="ROUTE-TIMING-RPX" Name="test_new_timing_summary_routed.rpx"/>
  <File Type="ROUTE-SIMILARITY" Name="test_new_incremental_reuse_routed.rpt"/>
  <File Type="ROUTE-CLK" Name="test_new_clock_utilization_routed.rpt"/>
  <File Type="ROUTE-BUS-SKEW" Name="test_new_bus_skew_routed.rpt"/>
  <File Type="ROUTE-BUS-SKEW-PB" Name="test_new_bus_skew_routed.pb"/>
  <File Type="ROUTE-BUS-SKEW-RPX" Name="test_new_bus_skew_routed.rpx"/>
  <File Type="POSTROUTE-PHYSOPT-DCP" Name="test_new_postroute_physopt.dcp"/>
  <File Type="POSTROUTE-PHYSOPT-BLACKBOX-DCP" Name="test_new_postroute_physopt_bb.dcp"/>
  <File Type="POSTROUTE-PHYSOPT-TIMING" Name="test_new_timing_summary_postroute_physopted.rpt"/>
  <File Type="POSTROUTE-PHYSOPT-TIMING-PB" Name="test_new_timing_summary_postroute_physopted.pb"/>
  <File Type="POSTROUTE-PHYSOPT-TIMING-RPX" Name="test_new_timing_summary_postroute_physopted.rpx"/>
  <File Type="POSTROUTE-PHYSOPT-BUS-SKEW" Name="test_new_bus_skew_postroute_physopted.rpt"/>
  <File Type="POSTROUTE-PHYSOPT-BUS-SKEW-PB" Name="test_new_bus_skew_postroute_physopted.pb"/>
  <File Type="BG-BIT" Name="test_new.bit"/>
  <File Type="POSTROUTE-PHYSOPT-BUS-SKEW-RPX" Name="test_new_bus_skew_postroute_physopted.rpx"/>
  <File Type="BITSTR-RBT" Name="test_new.rbt"/>
  <File Type="BITSTR-NKY" Name="test_new.nky"/>
  <File Type="BG-DRC" Name="test_new.drc"/>
  <File Type="RDI-RDI" Name="test_new.vdi"/>
  <File Type="WBT-USG" Name="usage_statistics_webtalk.html"/>
  <FileSet Name="sources" Type="DesignSrcs" RelSrcDir="$PSRCDIR/sources_1">
    <Filter Type="Srcs"/>
    <File Path="$PSRCDIR/sources_1/new/half_adder.v">
      <FileInfo>
        <Attr Name="UsedIn" Val="synthesis"/>
        <Attr Name="UsedIn" Val="implementation"/>
        <Attr Name="UsedIn" Val="simulation"/>
      </FileInfo>
    </File>
    <File Path="$PSRCDIR/sources_1/new/half_adder_TB.v">
      <FileInfo>
        <Attr Name="UsedIn" Val="synthesis"/>
        <Attr Name="UsedIn" Val="implementation"/>
        <Attr Name="UsedIn" Val="simulation"/>
      </FileInfo>
    </File>
    <File Path="$PSRCDIR/sources_1/new/FullAdder_cascaded.v">
      <FileInfo>
        <Attr Name="AutoDisabled" Val="1"/>
        <Attr Name="UsedIn" Val="synthesis"/>
        <Attr Name="UsedIn" Val="implementation"/>
        <Attr Name="UsedIn" Val="simulation"/>
      </FileInfo>
    </File>
    <File Path="$PSRCDIR/sources_1/new/FullAdder_TB.v">
      <FileInfo>
        <Attr Name="AutoDisabled" Val="1"/>
        <Attr Name="UsedIn" Val="synthesis"/>
        <Attr Name="UsedIn" Val="implementation"/>
        <Attr Name="UsedIn" Val="simulation"/>
      </FileInfo>
    </File>
    <Config>
      <Option Name="DesignMode" Val="RTL"/>
      <Option Name="TopModule" Val="test_new"/>
      <Option Name="TopAutoSet" Val="TRUE"/>
    </Config>
  </FileSet>
  <FileSet Name="constrs_in" Type="Constrs" RelSrcDir="$PSRCDIR/constrs_1">
    <Filter Type="Constrs"/>
    <Config>
      <Option Name="ConstrsType" Val="XDC"/>
    </Config>
  </FileSet>
  <Strategy Version="1" Minor="2">
    <StratHandle Name="Vivado Implementation Defaults" Flow="Vivado Implementation 2018"/>
    <Step Id="init_design"/>
    <Step Id="opt_design"/>
    <Step Id="power_opt_design"/>
    <Step Id="place_design"/>
    <Step Id="post_place_power_opt_design"/>
    <Step Id="phys_opt_design"/>
    <Step Id="route_design"/>
    <Step Id="post_route_phys_opt_design"/>
    <Step Id="write_bitstream"/>
  </Strategy>
</GenRun>
