<?xml version="1.0" encoding="UTF-8"?>
<GenRun Id="synth_1" LaunchPart="xc7a100tcsg324-1" LaunchTime="1698931186">
  <File Type="PA-TCL" Name="FullSubtractor_TB.tcl"/>
  <File Type="RDS-PROPCONSTRS" Name="FullSubtractor_TB_drc_synth.rpt"/>
  <File Type="REPORTS-TCL" Name="FullSubtractor_TB_reports.tcl"/>
  <File Type="RDS-RDS" Name="FullSubtractor_TB.vds"/>
  <File Type="RDS-UTIL" Name="FullSubtractor_TB_utilization_synth.rpt"/>
  <File Type="RDS-UTIL-PB" Name="FullSubtractor_TB_utilization_synth.pb"/>
  <File Type="RDS-DCP" Name="FullSubtractor_TB.dcp"/>
  <File Type="VDS-TIMINGSUMMARY" Name="FullSubtractor_TB_timing_summary_synth.rpt"/>
  <File Type="VDS-TIMING-PB" Name="FullSubtractor_TB_timing_summary_synth.pb"/>
  <FileSet Name="sources" Type="DesignSrcs" RelSrcDir="$PSRCDIR/sources_1">
    <Filter Type="Srcs"/>
    <File Path="$PSRCDIR/sources_1/new/FullSubtractor.v">
      <FileInfo>
        <Attr Name="UsedIn" Val="synthesis"/>
        <Attr Name="UsedIn" Val="implementation"/>
        <Attr Name="UsedIn" Val="simulation"/>
      </FileInfo>
    </File>
    <File Path="$PSRCDIR/sources_1/new/FullSubtractor_TB.v">
      <FileInfo>
        <Attr Name="UsedIn" Val="synthesis"/>
        <Attr Name="UsedIn" Val="implementation"/>
        <Attr Name="UsedIn" Val="simulation"/>
      </FileInfo>
    </File>
    <Config>
      <Option Name="DesignMode" Val="RTL"/>
      <Option Name="TopModule" Val="FullSubtractor_TB"/>
      <Option Name="TopAutoSet" Val="TRUE"/>
    </Config>
  </FileSet>
  <FileSet Name="constrs_in" Type="Constrs" RelSrcDir="$PSRCDIR/constrs_1">
    <Filter Type="Constrs"/>
    <Config>
      <Option Name="ConstrsType" Val="XDC"/>
    </Config>
  </FileSet>
  <Strategy Version="1" Minor="2">
    <StratHandle Name="Vivado Synthesis Defaults" Flow="Vivado Synthesis 2018"/>
    <Step Id="synth_design"/>
  </Strategy>
</GenRun>
