<?xml version="1.0" encoding="UTF-8"?>
<GenRun Id="impl_1" LaunchPart="xc7a100tcsg324-1" LaunchTime="1698931251">
  <File Type="OPT-HWDEF" Name="FullSubtractor_TB.hwdef"/>
  <File Type="ROUTE-BUS-SKEW" Name="FullSubtractor_TB_bus_skew_routed.rpt"/>
  <File Type="PA-DCP" Name="FullSubtractor_TB.dcp"/>
  <File Type="BITSTR-BMM" Name="FullSubtractor_TB_bd.bmm"/>
  <File Type="OPT-METHODOLOGY-DRC" Name="FullSubtractor_TB_methodology_drc_opted.rpt"/>
  <File Type="INIT-TIMING" Name="FullSubtractor_TB_timing_summary_init.rpt"/>
  <File Type="ROUTE-PWR" Name="FullSubtractor_TB_power_routed.rpt"/>
  <File Type="PA-TCL" Name="FullSubtractor_TB.tcl"/>
  <File Type="OPT-TIMING" Name="FullSubtractor_TB_timing_summary_opted.rpt"/>
  <File Type="OPT-DCP" Name="FullSubtractor_TB_opt.dcp"/>
  <File Type="ROUTE-PWR-SUM" Name="FullSubtractor_TB_power_summary_routed.pb"/>
  <File Type="REPORTS-TCL" Name="FullSubtractor_TB_reports.tcl"/>
  <File Type="OPT-DRC" Name="FullSubtractor_TB_drc_opted.rpt"/>
  <File Type="PWROPT-DCP" Name="FullSubtractor_TB_pwropt.dcp"/>
  <File Type="PWROPT-DRC" Name="FullSubtractor_TB_drc_pwropted.rpt"/>
  <File Type="PWROPT-TIMING" Name="FullSubtractor_TB_timing_summary_pwropted.rpt"/>
  <File Type="PLACE-DCP" Name="FullSubtractor_TB_placed.dcp"/>
  <File Type="PLACE-IO" Name="FullSubtractor_TB_io_placed.rpt"/>
  <File Type="PLACE-CLK" Name="FullSubtractor_TB_clock_utilization_placed.rpt"/>
  <File Type="PLACE-UTIL" Name="FullSubtractor_TB_utilization_placed.rpt"/>
  <File Type="PLACE-UTIL-PB" Name="FullSubtractor_TB_utilization_placed.pb"/>
  <File Type="PLACE-CTRL" Name="FullSubtractor_TB_control_sets_placed.rpt"/>
  <File Type="PLACE-SIMILARITY" Name="FullSubtractor_TB_incremental_reuse_placed.rpt"/>
  <File Type="PLACE-PRE-SIMILARITY" Name="FullSubtractor_TB_incremental_reuse_pre_placed.rpt"/>
  <File Type="PLACE-TIMING" Name="FullSubtractor_TB_timing_summary_placed.rpt"/>
  <File Type="POSTPLACE-PWROPT-DCP" Name="FullSubtractor_TB_postplace_pwropt.dcp"/>
  <File Type="BG-BIN" Name="FullSubtractor_TB.bin"/>
  <File Type="POSTPLACE-PWROPT-TIMING" Name="FullSubtractor_TB_timing_summary_postplace_pwropted.rpt"/>
  <File Type="PHYSOPT-DCP" Name="FullSubtractor_TB_physopt.dcp"/>
  <File Type="PHYSOPT-DRC" Name="FullSubtractor_TB_drc_physopted.rpt"/>
  <File Type="BITSTR-MSK" Name="FullSubtractor_TB.msk"/>
  <File Type="PHYSOPT-TIMING" Name="FullSubtractor_TB_timing_summary_physopted.rpt"/>
  <File Type="ROUTE-ERROR-DCP" Name="FullSubtractor_TB_routed_error.dcp"/>
  <File Type="ROUTE-DCP" Name="FullSubtractor_TB_routed.dcp"/>
  <File Type="ROUTE-BLACKBOX-DCP" Name="FullSubtractor_TB_routed_bb.dcp"/>
  <File Type="ROUTE-DRC" Name="FullSubtractor_TB_drc_routed.rpt"/>
  <File Type="ROUTE-DRC-PB" Name="FullSubtractor_TB_drc_routed.pb"/>
  <File Type="BITSTR-LTX" Name="debug_nets.ltx"/>
  <File Type="BITSTR-LTX" Name="FullSubtractor_TB.ltx"/>
  <File Type="ROUTE-DRC-RPX" Name="FullSubtractor_TB_drc_routed.rpx"/>
  <File Type="BITSTR-MMI" Name="FullSubtractor_TB.mmi"/>
  <File Type="ROUTE-METHODOLOGY-DRC" Name="FullSubtractor_TB_methodology_drc_routed.rpt"/>
  <File Type="ROUTE-METHODOLOGY-DRC-RPX" Name="FullSubtractor_TB_methodology_drc_routed.rpx"/>
  <File Type="BITSTR-SYSDEF" Name="FullSubtractor_TB.sysdef"/>
  <File Type="ROUTE-METHODOLOGY-DRC-PB" Name="FullSubtractor_TB_methodology_drc_routed.pb"/>
  <File Type="ROUTE-PWR-RPX" Name="FullSubtractor_TB_power_routed.rpx"/>
  <File Type="ROUTE-STATUS" Name="FullSubtractor_TB_route_status.rpt"/>
  <File Type="ROUTE-STATUS-PB" Name="FullSubtractor_TB_route_status.pb"/>
  <File Type="ROUTE-TIMINGSUMMARY" Name="FullSubtractor_TB_timing_summary_routed.rpt"/>
  <File Type="ROUTE-TIMING-PB" Name="FullSubtractor_TB_timing_summary_routed.pb"/>
  <File Type="ROUTE-TIMING-RPX" Name="FullSubtractor_TB_timing_summary_routed.rpx"/>
  <File Type="ROUTE-SIMILARITY" Name="FullSubtractor_TB_incremental_reuse_routed.rpt"/>
  <File Type="ROUTE-CLK" Name="FullSubtractor_TB_clock_utilization_routed.rpt"/>
  <File Type="ROUTE-BUS-SKEW-PB" Name="FullSubtractor_TB_bus_skew_routed.pb"/>
  <File Type="ROUTE-BUS-SKEW-RPX" Name="FullSubtractor_TB_bus_skew_routed.rpx"/>
  <File Type="POSTROUTE-PHYSOPT-DCP" Name="FullSubtractor_TB_postroute_physopt.dcp"/>
  <File Type="POSTROUTE-PHYSOPT-BLACKBOX-DCP" Name="FullSubtractor_TB_postroute_physopt_bb.dcp"/>
  <File Type="POSTROUTE-PHYSOPT-TIMING" Name="FullSubtractor_TB_timing_summary_postroute_physopted.rpt"/>
  <File Type="POSTROUTE-PHYSOPT-TIMING-PB" Name="FullSubtractor_TB_timing_summary_postroute_physopted.pb"/>
  <File Type="POSTROUTE-PHYSOPT-TIMING-RPX" Name="FullSubtractor_TB_timing_summary_postroute_physopted.rpx"/>
  <File Type="POSTROUTE-PHYSOPT-BUS-SKEW" Name="FullSubtractor_TB_bus_skew_postroute_physopted.rpt"/>
  <File Type="POSTROUTE-PHYSOPT-BUS-SKEW-PB" Name="FullSubtractor_TB_bus_skew_postroute_physopted.pb"/>
  <File Type="BG-BIT" Name="FullSubtractor_TB.bit"/>
  <File Type="POSTROUTE-PHYSOPT-BUS-SKEW-RPX" Name="FullSubtractor_TB_bus_skew_postroute_physopted.rpx"/>
  <File Type="BITSTR-RBT" Name="FullSubtractor_TB.rbt"/>
  <File Type="BITSTR-NKY" Name="FullSubtractor_TB.nky"/>
  <File Type="BG-BGN" Name="FullSubtractor_TB.bgn"/>
  <File Type="BG-DRC" Name="FullSubtractor_TB.drc"/>
  <File Type="RDI-RDI" Name="FullSubtractor_TB.vdi"/>
  <File Type="WBT-USG" Name="usage_statistics_webtalk.html"/>
  <FileSet Name="sources" Type="DesignSrcs" RelSrcDir="$PSRCDIR/sources_1">
    <Filter Type="Srcs"/>
    <File Path="$PSRCDIR/sources_1/new/FullSubtractor.v">
      <FileInfo>
        <Attr Name="UsedIn" Val="synthesis"/>
        <Attr Name="UsedIn" Val="implementation"/>
        <Attr Name="UsedIn" Val="simulation"/>
      </FileInfo>
    </File>
    <File Path="$PSRCDIR/sources_1/new/FullSubtractor_TB.v">
      <FileInfo>
        <Attr Name="UsedIn" Val="synthesis"/>
        <Attr Name="UsedIn" Val="implementation"/>
        <Attr Name="UsedIn" Val="simulation"/>
      </FileInfo>
    </File>
    <Config>
      <Option Name="DesignMode" Val="RTL"/>
      <Option Name="TopModule" Val="FullSubtractor_TB"/>
      <Option Name="TopAutoSet" Val="TRUE"/>
    </Config>
  </FileSet>
  <FileSet Name="constrs_in" Type="Constrs" RelSrcDir="$PSRCDIR/constrs_1">
    <Filter Type="Constrs"/>
    <Config>
      <Option Name="ConstrsType" Val="XDC"/>
    </Config>
  </FileSet>
  <Strategy Version="1" Minor="2">
    <StratHandle Name="Vivado Implementation Defaults" Flow="Vivado Implementation 2018"/>
    <Step Id="init_design"/>
    <Step Id="opt_design"/>
    <Step Id="power_opt_design"/>
    <Step Id="place_design"/>
    <Step Id="post_place_power_opt_design"/>
    <Step Id="phys_opt_design"/>
    <Step Id="route_design"/>
    <Step Id="post_route_phys_opt_design"/>
    <Step Id="write_bitstream"/>
  </Strategy>
</GenRun>
