<?xml version="1.0" encoding="UTF-8"?>
<GenRun Id="impl_1" LaunchPart="xc7a100tcsg324-1" LaunchTime="1698941673">
  <File Type="ROUTE-PWR" Name="Decoder_power_routed.rpt"/>
  <File Type="PA-TCL" Name="Decoder.tcl"/>
  <File Type="BITSTR-BMM" Name="Decoder_bd.bmm"/>
  <File Type="ROUTE-PWR-SUM" Name="Decoder_power_summary_routed.pb"/>
  <File Type="REPORTS-TCL" Name="Decoder_reports.tcl"/>
  <File Type="OPT-DCP" Name="Decoder_opt.dcp"/>
  <File Type="OPT-DRC" Name="Decoder_drc_opted.rpt"/>
  <File Type="OPT-HWDEF" Name="Decoder.hwdef"/>
  <File Type="PWROPT-DCP" Name="Decoder_pwropt.dcp"/>
  <File Type="PLACE-DCP" Name="Decoder_placed.dcp"/>
  <File Type="PLACE-IO" Name="Decoder_io_placed.rpt"/>
  <File Type="PLACE-UTIL" Name="Decoder_utilization_placed.rpt"/>
  <File Type="PLACE-UTIL-PB" Name="Decoder_utilization_placed.pb"/>
  <File Type="PLACE-CTRL" Name="Decoder_control_sets_placed.rpt"/>
  <File Type="PLACE-PRE-SIMILARITY" Name="Decoder_incremental_reuse_pre_placed.rpt"/>
  <File Type="BG-BGN" Name="Decoder.bgn"/>
  <File Type="POSTPLACE-PWROPT-DCP" Name="Decoder_postplace_pwropt.dcp"/>
  <File Type="BG-BIN" Name="Decoder.bin"/>
  <File Type="PHYSOPT-DCP" Name="Decoder_physopt.dcp"/>
  <File Type="BITSTR-MSK" Name="Decoder.msk"/>
  <File Type="ROUTE-ERROR-DCP" Name="Decoder_routed_error.dcp"/>
  <File Type="ROUTE-DCP" Name="Decoder_routed.dcp"/>
  <File Type="ROUTE-BLACKBOX-DCP" Name="Decoder_routed_bb.dcp"/>
  <File Type="ROUTE-DRC" Name="Decoder_drc_routed.rpt"/>
  <File Type="ROUTE-DRC-PB" Name="Decoder_drc_routed.pb"/>
  <File Type="ROUTE-DRC-RPX" Name="Decoder_drc_routed.rpx"/>
  <File Type="BITSTR-LTX" Name="Decoder.ltx"/>
  <File Type="ROUTE-METHODOLOGY-DRC" Name="Decoder_methodology_drc_routed.rpt"/>
  <File Type="BITSTR-MMI" Name="Decoder.mmi"/>
  <File Type="ROUTE-METHODOLOGY-DRC-RPX" Name="Decoder_methodology_drc_routed.rpx"/>
  <File Type="ROUTE-METHODOLOGY-DRC-PB" Name="Decoder_methodology_drc_routed.pb"/>
  <File Type="BITSTR-SYSDEF" Name="Decoder.sysdef"/>
  <File Type="ROUTE-PWR-RPX" Name="Decoder_power_routed.rpx"/>
  <File Type="ROUTE-STATUS" Name="Decoder_route_status.rpt"/>
  <File Type="ROUTE-STATUS-PB" Name="Decoder_route_status.pb"/>
  <File Type="ROUTE-TIMINGSUMMARY" Name="Decoder_timing_summary_routed.rpt"/>
  <File Type="ROUTE-TIMING-PB" Name="Decoder_timing_summary_routed.pb"/>
  <File Type="ROUTE-TIMING-RPX" Name="Decoder_timing_summary_routed.rpx"/>
  <File Type="ROUTE-CLK" Name="Decoder_clock_utilization_routed.rpt"/>
  <File Type="ROUTE-BUS-SKEW" Name="Decoder_bus_skew_routed.rpt"/>
  <File Type="ROUTE-BUS-SKEW-PB" Name="Decoder_bus_skew_routed.pb"/>
  <File Type="ROUTE-BUS-SKEW-RPX" Name="Decoder_bus_skew_routed.rpx"/>
  <File Type="POSTROUTE-PHYSOPT-DCP" Name="Decoder_postroute_physopt.dcp"/>
  <File Type="POSTROUTE-PHYSOPT-BLACKBOX-DCP" Name="Decoder_postroute_physopt_bb.dcp"/>
  <File Type="BG-BIT" Name="Decoder.bit"/>
  <File Type="BITSTR-RBT" Name="Decoder.rbt"/>
  <File Type="BITSTR-NKY" Name="Decoder.nky"/>
  <File Type="BG-DRC" Name="Decoder.drc"/>
  <File Type="RDI-RDI" Name="Decoder.vdi"/>
  <File Type="WBT-USG" Name="usage_statistics_webtalk.html"/>
  <FileSet Name="sources" Type="DesignSrcs" RelSrcDir="$PSRCDIR/sources_1">
    <Filter Type="Srcs"/>
    <File Path="$PSRCDIR/sources_1/new/Decoder.v">
      <FileInfo>
        <Attr Name="UsedIn" Val="synthesis"/>
        <Attr Name="UsedIn" Val="implementation"/>
        <Attr Name="UsedIn" Val="simulation"/>
      </FileInfo>
    </File>
    <Config>
      <Option Name="DesignMode" Val="RTL"/>
      <Option Name="TopModule" Val="Decoder"/>
      <Option Name="TopAutoSet" Val="TRUE"/>
    </Config>
  </FileSet>
  <FileSet Name="constrs_in" Type="Constrs" RelSrcDir="$PSRCDIR/constrs_1">
    <Filter Type="Constrs"/>
    <Config>
      <Option Name="ConstrsType" Val="XDC"/>
    </Config>
  </FileSet>
  <Strategy Version="1" Minor="2">
    <StratHandle Name="Vivado Implementation Defaults" Flow="Vivado Implementation 2018"/>
    <Step Id="init_design"/>
    <Step Id="opt_design"/>
    <Step Id="power_opt_design"/>
    <Step Id="place_design"/>
    <Step Id="post_place_power_opt_design"/>
    <Step Id="phys_opt_design"/>
    <Step Id="route_design"/>
    <Step Id="post_route_phys_opt_design"/>
    <Step Id="write_bitstream"/>
  </Strategy>
</GenRun>
